<ModOps>
  <!--Arishiplist8000-->
  <!--<Name>AirshipCargo_Large_Passage(Trade) zephyr erdgas 1737</Name>-->
  <!--<Name>AirshipCargo_Large_SA(Trade) zephyr helium 1060</Name>-->
  <!--<Name>AirshipCargo_Medium_PassageTrade) pegasus erdgas 1736</Name>-->
  <!--<Name>AirshipCargo_Medium_SA(Trade) pegasus helium 1059</Name>-->
  <!-- <Name>AirshipCargo_Small_Passage(Trade)hermes erdgas 1735</Name>-->
  <!-- <Name>AirshipCargo_Small_SA(Trade) hermes helium 1058</Name> -->
  <!--<Name>AirshipAgileCargo_Medium_Passage(Trade)manticore 1734 erdgas </Name>-->
  <!--<Name>AirshipAgileCargo_Medium_SA(Trade) manticore 1655 helium</Name>-->
  <!--<Name>manticore gun 1732 erdgas</Name>-->
  <!--<Name>manticore gun 1056 helium</Name>-->
  <!--<Name>AirshipAgileCargo_Small_Passage(Trade)</Name>Herpyie 1733 erdgas </Name>-->
  <!--<Name>AirshipAgileCargo_Small_SA(Trade)</Name> 1654 helium </Name>-->
  <!--<Name><Name>-</Name>Herpyie gun 1731 erdgas </Name>-->
  <!--<Name><Name>-</Name>Herpyie gun 1054 helium </Name>-->
  <!--<Name>Queen'sNew_AirshipAgileCargo_Medium_SA_Unfurbished  bores erdgas 101136</Name>-->

  <!--<Name>Name>Herpyie8000 gun 1731 erdgas </Name>-->
  <ModOp Type="merge" GUID="1731" Path="/Values/ItemContainer">
    <!-- itemsicket-->
    <SocketCount>2</SocketCount>
  </ModOp>
  <ModOp Type="merge" GUID="1731" Path="/Values/TradeRouteVehicle">
    <LoadingSpeedFactor>2.5</LoadingSpeedFactor>
  </ModOp>
  <ModOp Type="add" GUID="1731" Path="/Values/ItemContainer">
    <!-- frachtsocket-->
    <SlotCount>1</SlotCount>
  </ModOp>
  <!--<Name>Herpyie Kolibri  gun 1054 helium </Name>-->
  <ModOp Type="merge" GUID="1054" Path="/Values/ItemContainer">
    <!-- itemsicket-->
    <SocketCount>2</SocketCount>
  </ModOp>
  <ModOp Type="merge" GUID="1054" Path="/Values/TradeRouteVehicle">
    <LoadingSpeedFactor>5.0</LoadingSpeedFactor>
  </ModOp>
  <ModOp Type="merge" GUID="1054" Path="/Values/ItemContainer">
    <!-- frachtsocket-->
    <SlotCount>1</SlotCount>
  </ModOp>

  <!--<Name>manticore gun 1732 erdgas</Name>-->
  <ModOp Type="merge" GUID="1732" Path="/Values/ItemContainer">
    <!-- itemsicket-->
    <SocketCount>2</SocketCount>
  </ModOp>
  <ModOp Type="merge" GUID="1732" Path="/Values/TradeRouteVehicle">
    <LoadingSpeedFactor>2.5</LoadingSpeedFactor>
  </ModOp>
  <ModOp Type="merge" GUID="1732" Path="/Values/ItemContainer">
    <!-- frachtsocket-->
    <SlotCount>2</SlotCount>
  </ModOp>
  <!--<Name>manticore Allicanto gun 1056 helium</Name>-->
  <ModOp Type="merge" GUID="1056" Path="/Values/ItemContainer">
    <!-- itemsicket-->
    <SocketCount>2</SocketCount>
  </ModOp>
  <ModOp Type="merge" GUID="1056" Path="/Values/TradeRouteVehicle">
    <LoadingSpeedFactor>5.0</LoadingSpeedFactor>
  </ModOp>
  <ModOp Type="merge" GUID="1056" Path="/Values/ItemContainer">
    <!-- frachtsocket-->
    <SlotCount>2</SlotCount>
  </ModOp>

  <!--<Name>Herpyie 1733 erdgas </Name>-->
  <ModOp Type="merge" GUID="1733" Path="/Values/ItemContainer">
    <!-- itemsicket-->
    <SocketCount>2</SocketCount>
  </ModOp>
  <ModOp Type="merge" GUID="1733" Path="/Values/TradeRouteVehicle">
    <LoadingSpeedFactor>2.5</LoadingSpeedFactor>
  </ModOp>
  <ModOp Type="merge" GUID="1733" Path="/Values/ItemContainer">
    <!-- frachtsocket-->
    <SlotCount>2</SlotCount>
  </ModOp>
  <!--<Name>Herpyie Kolibri 1654 helium </Name>-->
  <ModOp Type="merge" GUID="1654" Path="/Values/ItemContainer">
    <!-- itemsicket-->
    <SocketCount>2</SocketCount>
  </ModOp>
  <ModOp Type="merge" GUID="1654" Path="/Values/TradeRouteVehicle">
    <LoadingSpeedFactor>5.0</LoadingSpeedFactor>
  </ModOp>
  <ModOp Type="merge" GUID="1654" Path="/Values/ItemContainer">
    <!-- frachtsocket-->
    <SlotCount>2</SlotCount>
  </ModOp>

  <!--<Name> manticore 1734 erdgas </Name>-->
  <ModOp Type="add" GUID="1734" Path="/Values/ItemContainer">
    <!-- itemsicket-->
    <SocketCount>2</SocketCount>
  </ModOp>
  <ModOp Type="merge" GUID="1734" Path="/Values/TradeRouteVehicle">
    <LoadingSpeedFactor>2.5</LoadingSpeedFactor>
  </ModOp>
  <ModOp Type="add" GUID="1734" Path="/Values/ItemContainer">
    <!-- frachtsocket-->
    <SlotCount>3</SlotCount>
  </ModOp>
  <!--<Name>manticore Allicanto 1655 helium</Name>-->
  <ModOp Type="add" GUID="1655" Path="/Values/ItemContainer">
    <!-- itemsicket-->
    <SocketCount>2</SocketCount>
  </ModOp>
  <ModOp Type="merge" GUID="1655" Path="/Values/TradeRouteVehicle">
    <LoadingSpeedFactor>5.0</LoadingSpeedFactor>
  </ModOp>
  <ModOp Type="add" GUID="1655" Path="/Values/ItemContainer">
    <!-- frachtsocket-->
    <SlotCount>3</SlotCount>
  </ModOp>

  <!-- <Name>hermes8000 erdgas 1735</Name>-->
  <ModOp Type="add" GUID="1735" Path="/Values/ItemContainer">
    <!-- itemsicket-->
    <SocketCount>3</SocketCount>
  </ModOp>
  <ModOp Type="merge" GUID="1735" Path="/Values/TradeRouteVehicle">
    <LoadingSpeedFactor>2.5</LoadingSpeedFactor>
  </ModOp>
  <ModOp Type="add" GUID="1735" Path="/Values/ItemContainer">
    <!-- frachtsocket-->
    <SlotCount>4</SlotCount>
  </ModOp>
  <!-- <Name>hermes8000 Atotolin  helium 1058</Name> -->
  <ModOp Type="add" GUID="1058" Path="/Values/ItemContainer">
    <!-- itemsicket-->
    <SocketCount>3</SocketCount>
  </ModOp>
  <ModOp Type="merge" GUID="1058" Path="/Values/TradeRouteVehicle">
    <LoadingSpeedFactor>5.0</LoadingSpeedFactor>
  </ModOp>
  <ModOp Type="add" GUID="1058" Path="/Values/ItemContainer">
    <!-- frachtsocket !add -->
    <SlotCount>4</SlotCount>
  </ModOp>

  <!--<Name>zephyr erdgas 1737</Name>-->
  <ModOp Type="add" GUID="1737" Path="/Values/ItemContainer">
    <!-- itemsicket-->
    <SocketCount>4</SocketCount>
  </ModOp>
  <ModOp Type="merge" GUID="1737" Path="/Values/TradeRouteVehicle">
    <LoadingSpeedFactor>2.5</LoadingSpeedFactor>
  </ModOp>
  <!--<Name>zephyr Quetzalcoatl helium 1060</Name>-->
  <ModOp Type="add" GUID="1060" Path="/Values/ItemContainer">
    <!-- itemsicket-->
    <SocketCount>4</SocketCount>
  </ModOp>
  <ModOp Type="merge" GUID="1060" Path="/Values/TradeRouteVehicle">
    <LoadingSpeedFactor>5.0</LoadingSpeedFactor>
  </ModOp>

  <!--<Name>pegasus erdgas 1736</Name>-->
  <ModOp Type="merge" GUID="1736" Path="/Values/ItemContainer">
    <!-- frachtsocket-->
    <SlotCount>6</SlotCount>
  </ModOp>
  <ModOp Type="merge" GUID="1736" Path="/Values/TradeRouteVehicle">
    <LoadingSpeedFactor>2.5</LoadingSpeedFactor>
  </ModOp>
  <!--<Name>pegasus Dtundtuncan helium 1059</Name>-->
  <ModOp Type="merge" GUID="1059" Path="/Values/ItemContainer">
    <!-- frachtsocket-->
    <SlotCount>6</SlotCount>
  </ModOp>
  <ModOp Type="merge" GUID="1059" Path="/Values/TradeRouteVehicle">
    <LoadingSpeedFactor>5.0</LoadingSpeedFactor>
  </ModOp>

  <!--iModYourAnno Modmanager Slider -->
  <!--<Name>Herpyie Kolibri 1654 helium </Name>-->
  <!--<Name>Herpyie Kolibri gun 1054 helium</Name>-->
  <!--<Name>manticore Allicanto 1655 helium</Name>-->
  <!--<Name>manticore Allicanto gun 1056 helium</Name>-->
  <!--<Name>hermes8000 Atotolin  helium 1058</Name> -->
  <!--<Name>pegasus Dtundtuncan helium 1059</Name>-->
  <!--<Name>zephyr Quetzalcoatl helium 1060</Name>-->
  <ModOp Type="replace" GUID="1654,1054,1655,1056,1058,1059,1060" Path="/Values/TradeRouteVehicle/LoadingSpeedFactor" ModOpID="LoadingSpeedFactorHeliumShips" Skip="1">
    <LoadingSpeedFactor>5.0</LoadingSpeedFactor>
  </ModOp>

  <ImyaExpose Path="self::LoadingSpeedFactor" ModOpID="LoadingSpeedFactorHeliumShips" ExposeID="LSF of all Helium-AirShips" Description="LSF of all Helium-AirShips=Loading Speed Factor of all Helium Airships in BaseGame: 1=normal, 2 is double speed, 5 is mod default" Kind="Slider">
    <SliderDefinition Min="1" Max="20" Stepping="1" />
  </ImyaExpose>
  <!--<Name>zephyr erdgas 1737</Name>-->
  <!--<Name>pegasus erdgas 1736</Name>-->
  <!-- <Name>hermes erdgas 1735</Name>-->
  <!--<Name>manticore 1734 erdgas </Name>-->
  <!--<Name>manticore gun 1732 erdgas</Name>-->
  <!--<Name>Herpyie 1733 erdgas </Name>-->
  <!--<Name>Herpyie gun 1731 erdgas </Name>-->
  <ModOp Type="replace" GUID="1737,1736,1735,1734,1732,1733,1731" Path="/Values/TradeRouteVehicle/LoadingSpeedFactor" ModOpID="LoadingSpeedFactorGasShips" Skip="1">
    <LoadingSpeedFactor>2.5</LoadingSpeedFactor>
  </ModOp>

  <ImyaExpose Path="self::LoadingSpeedFactor" ModOpID="LoadingSpeedFactorGasShips" ExposeID="LSF of all Gas-AirShips" Description="LSF of all Gas-AirShips=Loading Speed Factor of all Gas Airships in BaseGame: 1=normal, 2 is double speed, 2.5 is mod default" Kind="Slider">
    <SliderDefinition Min="1" Max="20" Stepping="1" />
  </ImyaExpose>



  <Include File="./assets.imyatweak.include.xml" />
  <!--iModYourAnno Modmanager Slider ende -->
</ModOps>